规则ID,适用页面,选择器,属性,期望值,比较方式,前置动作,级别,未命中,说明
THM-01,index.html|template.html|support.html|legal/about.html|legal/privacy.html|legal/terms.html|legal/credits.html|legal/contact.html|tools/image-tool.html|tools/stitch.html|tools/annotate.html|404.html|tools/qrcode.html|tools/icon-tool.html,-,"document.querySelectorAll('[data-set-theme]').length",2,js,none,must,fail,主题两态：须有且仅有 light/dark 两个切换钮（rev6.1）
THM-02,index.html|template.html|support.html|legal/about.html|legal/privacy.html|legal/terms.html|legal/credits.html|legal/contact.html|tools/image-tool.html|tools/stitch.html|tools/annotate.html|404.html|tools/qrcode.html|tools/icon-tool.html,-,"!document.querySelector(""[data-theme='system']"")",true,js,none,must,fail,禁止三态复活：页面不得出现 data-theme=system（rev6.1 明令退役）
THM-03,index.html|template.html|support.html|legal/about.html|legal/privacy.html|legal/terms.html|legal/credits.html|legal/contact.html|tools/image-tool.html|tools/stitch.html|tools/annotate.html|404.html|tools/qrcode.html|tools/icon-tool.html,-,"['light','dark'].indexOf(document.documentElement.dataset.theme)>=0",true,js,none,must,fail,主题取值只能是 light 或 dark
THM-04,index.html|template.html|support.html|legal/about.html|legal/privacy.html|legal/terms.html|legal/credits.html|legal/contact.html|tools/image-tool.html|tools/stitch.html|tools/annotate.html|404.html|tools/qrcode.html|tools/icon-tool.html,body,backgroundColor,"rgb(11, 18, 32)",eq,theme:dark,must,fail,深色模式背景走令牌 --bg(#0B1220)
THM-05,index.html|template.html|support.html|legal/about.html|legal/privacy.html|legal/terms.html|legal/credits.html|legal/contact.html|tools/image-tool.html|tools/stitch.html|tools/annotate.html|404.html|tools/qrcode.html|tools/icon-tool.html,body,backgroundColor,"rgb(244, 247, 251)",eq,theme:light,must,fail,浅色模式背景走令牌 --bg(#F4F7FB)
BTN-01,index.html|template.html|support.html|legal/about.html|legal/privacy.html|legal/terms.html|legal/credits.html|legal/contact.html|tools/image-tool.html|tools/stitch.html|tools/annotate.html|404.html|tools/qrcode.html|tools/icon-tool.html,".btn:not(.btn-sm):not(.btn-lg):not(.btn-icon)",borderRadius,10px,eq,none,must,skip,基准按钮圆角走 --r-md(10px)（页面若无未加修饰类的 .btn 则跳过）
BTN-02,index.html|template.html|support.html|legal/about.html|legal/privacy.html|legal/terms.html|legal/credits.html|legal/contact.html|tools/image-tool.html|tools/stitch.html|tools/annotate.html|404.html|tools/qrcode.html|tools/icon-tool.html,".btn:not(.btn-sm):not(.btn-lg):not(.btn-icon)",height,38px,eq,none,must,skip,基准按钮高度 38px
BTN-03,index.html|template.html|support.html|legal/about.html|legal/privacy.html|legal/terms.html|legal/credits.html|legal/contact.html|tools/image-tool.html|tools/stitch.html|tools/annotate.html|404.html|tools/qrcode.html|tools/icon-tool.html,.btn-primary,backgroundColor,"rgb(2, 132, 199)",eq,none,must,skip,主按钮为 --primary-fill(#0284C7)
BTN-04,index.html|template.html|support.html|legal/about.html|legal/privacy.html|legal/terms.html|legal/credits.html|legal/contact.html|tools/image-tool.html|tools/stitch.html|tools/annotate.html|404.html|tools/qrcode.html|tools/icon-tool.html,.btn-sm,height,30px,eq,none,should,skip,小按钮高度 30px
BTN-05,index.html|template.html|support.html|legal/about.html|legal/privacy.html|legal/terms.html|legal/credits.html|legal/contact.html|tools/image-tool.html|tools/stitch.html|tools/annotate.html|404.html|tools/qrcode.html|tools/icon-tool.html,.btn-lg,height,46px,eq,none,should,skip,大按钮高度 46px
BTN-06,index.html|template.html|support.html|legal/about.html|legal/privacy.html|legal/terms.html|legal/credits.html|legal/contact.html|tools/image-tool.html|tools/stitch.html|tools/annotate.html|404.html|tools/qrcode.html|tools/icon-tool.html,.btn-sm,borderRadius,6px,eq,none,should,skip,小按钮圆角走 --r-sm(6px)（B18 已对齐 2026-09-05）
BTN-07,index.html|template.html|support.html|legal/about.html|legal/privacy.html|legal/terms.html|legal/credits.html|legal/contact.html|tools/image-tool.html|tools/stitch.html|tools/annotate.html|404.html|tools/qrcode.html|tools/icon-tool.html,.btn-lg,borderRadius,16px,eq,none,should,skip,大按钮圆角走 --r-lg(16px)（B18 已对齐 2026-09-05）
NAV-01,index.html|template.html|support.html|legal/about.html|legal/privacy.html|legal/terms.html|legal/credits.html|legal/contact.html|tools/image-tool.html|tools/stitch.html|tools/annotate.html|404.html|tools/qrcode.html|tools/icon-tool.html,.topbar,position,sticky,eq,none,must,skip,顶栏吸顶
NAV-02,index.html|template.html|support.html|legal/about.html|legal/privacy.html|legal/terms.html|legal/credits.html|legal/contact.html|tools/image-tool.html|tools/stitch.html|tools/annotate.html|404.html|tools/qrcode.html|tools/icon-tool.html,.nav-links a,fontSize,13px,eq,none,should,skip,导航链接字号 Small13（B19 已对齐 2026-09-05）
NAV-03,index.html|template.html|support.html|legal/about.html|legal/privacy.html|legal/terms.html|legal/credits.html|legal/contact.html|tools/image-tool.html|tools/stitch.html|tools/annotate.html|404.html|tools/qrcode.html|tools/icon-tool.html,.logo-text,fontWeight,700,eq,none,should,skip,品牌文字字重 700
SW-01,index.html|template.html|support.html|legal/about.html|legal/privacy.html|legal/terms.html|legal/credits.html|legal/contact.html|tools/image-tool.html|tools/stitch.html|tools/annotate.html|404.html|tools/qrcode.html|tools/icon-tool.html,.theme-sw,borderRadius,999px,eq,none,must,skip,主题开关为胶囊形 --r-full
SW-02,index.html|template.html|support.html|legal/about.html|legal/privacy.html|legal/terms.html|legal/credits.html|legal/contact.html|tools/image-tool.html|tools/stitch.html|tools/annotate.html|404.html|tools/qrcode.html|tools/icon-tool.html,.sw-btn,fontSize,12px,eq,none,should,skip,开关按钮字号 Caption12
CRD-01,index.html|template.html|support.html|legal/about.html|legal/privacy.html|legal/terms.html|legal/credits.html|legal/contact.html|tools/image-tool.html|tools/stitch.html|tools/annotate.html|404.html|tools/qrcode.html|tools/icon-tool.html,.panel,borderRadius,16px,eq,none,must,skip,面板圆角走 --r-lg(16px)
CRD-02,index.html|template.html|support.html|legal/about.html|legal/privacy.html|legal/terms.html|legal/credits.html|legal/contact.html|tools/image-tool.html|tools/stitch.html|tools/annotate.html|404.html|tools/qrcode.html|tools/icon-tool.html,.panel,backgroundColor,"rgb(255, 255, 255)",eq,none,should,skip,面板背景走 --surface
FOT-01,index.html|template.html|support.html|legal/about.html|legal/privacy.html|legal/terms.html|legal/credits.html|legal/contact.html|tools/image-tool.html|tools/stitch.html|tools/annotate.html|404.html|tools/qrcode.html|tools/icon-tool.html,.footer-bar,display,flex,eq,none,must,skip,页脚底栏两端对齐布局
I18-01,index.html|404.html|support.html|legal/about.html|legal/privacy.html|legal/terms.html|legal/credits.html|legal/contact.html|tools/image-tool.html|tools/stitch.html|tools/annotate.html|dev/json.html|dev/regex.html|games/block-clear.html|games/snake.html|games/sudoku.html|tools/qrcode.html|tools/icon-tool.html,-,"document.querySelectorAll('[data-i18n]').length>0",true,js,none,must,fail,i18n 三属性已挂钩（data-i18n 至少一处）
I18-02,index.html|template.html|support.html|legal/about.html|legal/privacy.html|legal/terms.html|legal/credits.html|legal/contact.html|tools/image-tool.html|tools/stitch.html|tools/annotate.html|404.html|dev/json.html|dev/regex.html|games/block-clear.html|games/snake.html|games/sudoku.html|tools/qrcode.html|tools/icon-tool.html,-,"document.querySelectorAll('.lang-item').length>=2",true,js,none,should,fail,语种下拉至少提供中英两项
ICO-01,index.html|template.html|support.html|legal/about.html|legal/privacy.html|legal/terms.html|legal/credits.html|legal/contact.html|tools/image-tool.html|tools/stitch.html|tools/annotate.html|404.html|tools/qrcode.html|tools/icon-tool.html,-,"document.querySelectorAll('[data-lucide]').length>0 && document.querySelectorAll('svg[data-lucide]').length===document.querySelectorAll('[data-lucide]').length",true,js,none,should,fail,data-lucide 须全部渲染为内联 SVG（守零外部请求铁律）
IT-01,"tools/image-tool.html",-,"document.querySelectorAll('.segment').length",7,js,none,must,fail,分段控制器：7 组（输出格式/改尺寸/目标大小/旋转/翻转/裁剪/比例；V1.6 F-03 新增目标大小）
IT-02,"tools/image-tool.html",-,"document.querySelectorAll('.step').length",9,js,none,must,fail,步进器：9 组（V1.6 F-03 目标大小自定义框按 icon-tool 同款改为 .input.icon-custom-input 输入框，不计入步进器）
IT-03,"tools/image-tool.html",-,"!!document.querySelector('#quality.slider')",true,js,none,must,fail,质量滑块须用规范 .slider
IT-04,"tools/image-tool.html",-,"document.querySelectorAll('#controls .field').length>=6",true,js,none,must,fail,控制区布局须用规范 .field（含子字段）
IT-05,"tools/image-tool.html",-,"!!document.querySelector('#results .table')",true,js,none,must,fail,结果队列须用规范 .table 数据表格（14 章 DATA）
IT-06,"tools/image-tool.html",-,"!!document.querySelector('#actions.row')",true,js,none,must,fail,操作条布局须用规范 .row
IT-07,"tools/image-tool.html",-,"document.querySelectorAll('.seg[data-fmt]').length",4,js,none,must,fail,fmt 契约：data-fmt 须在 .seg label 上（tool.js 依赖）
IT-08,"tools/image-tool.html",-,"document.querySelectorAll('[data-qstep]').length",2,js,none,must,fail,质量步进钮 ±1（data-qstep 契约）
IT-09,"tools/image-tool.html",.seg-t,fontSize,13px,css,none,must,fail,分段文字 13px（07/08 章控件字号）
IT-10,"tools/image-tool.html","#controls .field-label",fontWeight,600,css,none,must,fail,字段标签 600 加粗（07 章 .field-label）
ST-01,"tools/stitch.html",-,"document.querySelectorAll('[data-stitch-mode]').length",2,js,none,must,fail,模式切换：须有单向/网格两个按钮
ST-02,"tools/stitch.html",-,"!!document.querySelector('#stitchImport')",true,js,none,must,fail,导入区须存在
ST-03,"tools/stitch.html",-,"!!document.querySelector('#stitchFileInput') && document.querySelector('#stitchFileInput').hasAttribute('multiple')",true,js,none,must,fail,文件输入须存在且支持多选
ST-04,"tools/stitch.html",-,"document.querySelectorAll('#stitch-vertical .slider').length>=4",true,js,none,must,fail,单向模式参数滑块≥4（间距/圆角/边距/质量）
ST-05,"tools/stitch.html",-,"document.querySelectorAll('[data-tpl]').length>=5",true,js,none,must,fail,网格模板按钮≥5（含自定义；V0.5.2 移除 1x2/2x1/1x3/3x1 单向模板）
ST-06,"tools/stitch.html",-,"!!document.querySelector('#stitchRows') && !!document.querySelector('#stitchCols')",true,js,none,must,fail,自定义行列输入须存在
ST-07,"tools/stitch.html",-,"!!document.querySelector('#stitchGridCanvas')",true,js,none,must,fail,网格格子画布须存在
ST-08,"tools/stitch.html",-,"!!document.querySelector('#stitchExport') && !!document.querySelector('#stitchExportG')",true,js,none,must,fail,两个模式的导出按钮须存在
ST-09,"tools/stitch.html",-,"!!document.querySelector('#stitchClear') && !!document.querySelector('#stitchClearG')",true,js,none,must,fail,两个模式的清空按钮须存在
ST-10,"tools/stitch.html",-,"!!document.querySelector('#stitchInfoSize') && !!document.querySelector('#stitchInfoEst')",true,js,none,must,fail,信息条尺寸/预估须存在
ST-11,"tools/stitch.html",-,"!!document.querySelector('#stitchProgress') && !!document.querySelector('#stitchProgressG')",true,js,none,must,fail,流式进度条须存在
ST-12,"tools/stitch.html",-,"!!document.querySelector('#stitchCellPanelMask')",true,js,none,must,fail,单格替换面板须存在
ST-13,"tools/stitch.html",-,"!!document.querySelector('#stitchMoveModeBar')",true,js,none,should,fail,移动端移动模式栏须存在
ST-14,"tools/stitch.html",-,"!!document.querySelector('#stitchPreviewWrap')",true,js,none,must,fail,预览区须存在
ST-15,"tools/stitch.html",-,"document.querySelectorAll('#stitch-vertical .seg').length>=4",true,js,none,must,fail,单向模式分段控件≥4（方向/背景/对齐/格式）
ST-16,"tools/stitch.html",-,"document.querySelectorAll('#stitch-grid .seg').length>=4",true,js,none,must,fail,网格模式分段控件≥4（背景/填充/比例/格式）
ST-17,"tools/stitch.html",-,"document.querySelectorAll('link[rel=stylesheet]').length>=2",true,js,none,must,fail,须引入 moteful.css 和 stitch.css
ST-18,"tools/stitch.html",-,"document.querySelectorAll('script[src*=stitch]').length>=2",true,js,none,must,fail,须引入 stitch-core.js 和 stitch.js
ST-19,"tools/stitch.html",-,"!!Array.from(document.querySelectorAll('script[type]')).find(function(s){return s.getAttribute('type').indexOf('ld+json')>=0})",true,js,none,should,fail,SEO 结构化数据 JSON-LD 须存在
ST-20,"tools/stitch.html",-,"document.querySelectorAll('[data-i18n]').length>=30",true,js,none,must,fail,i18n 挂钩≥30处（功能文案全覆盖）
AN-01,tools/annotate.html,-,"document.querySelectorAll('[data-annotate-mode]').length",2,js,none,must,fail,模式切换：水印 / 打码 两个按钮
AN-02,tools/annotate.html,-,"!!document.querySelector('#annotate-wm') && !!document.querySelector('#annotate-ms')",true,js,none,must,fail,水印与打码两个参数面板均须存在
AN-03,tools/annotate.html,-,"document.querySelectorAll('[data-wm-type]').length",4,js,none,must,fail,水印类型：文字 / 图片 / 平铺 / 时间戳
AN-05,tools/annotate.html,-,"document.querySelectorAll('[data-ms-mode]').length",2,js,none,must,fail,打码方式：矩形框选 / 画笔涂抹
AN-07,tools/annotate.html,-,"!!document.querySelector('#annotateMsUndo') && !!document.querySelector('#annotateMsRedo') && !!document.querySelector('#annotateMsClear')",true,js,none,must,fail,打码撤销 / 重做 / 清空按钮须存在
AN-08,tools/annotate.html,-,"!!document.querySelector('.btn-primary[data-export]')",true,js,none,must,fail,主导出按钮须为规范 .btn-primary
AN-09,tools/annotate.html,-,"document.querySelectorAll('[data-fmt]').length",3,js,none,must,fail,输出格式：PNG / JPEG / WEBP
AN-12,tools/annotate.html,-,"document.querySelectorAll('.page > .panel').length>=5",true,js,none,must,fail,页面内卡片布局：主体 .panel 卡片数≥5，禁止侧边固定栏
AN-13,tools/annotate.html,-,"!!document.querySelector('#adSlot') && document.querySelector('#adSlot').hasAttribute('hidden')",true,js,none,must,fail,广告位预留：默认 hidden，不占位、不产生 CLS
AN-04,tools/annotate.html,-,"document.querySelectorAll('[data-anchor-x]').length===3 && document.querySelectorAll('[data-anchor-y]').length===3",true,js,none,must,fail,位置为水平×垂直两轴分段器，覆盖九宫格 9 种组合
AN-06,tools/annotate.html,-,"getComputedStyle(document.querySelector('#annotateCanvas')).touchAction",none,js,none,must,fail,打码画布须 touch-action:none（移动端涂抹不误滚动）
AN-14,tools/annotate.html,-,"!!document.querySelector('#annotateCanvas') && !!document.querySelector('.annotate-stage')",true,js,none,must,fail,预览画布与 .annotate-stage 容器须存在
AN-15,tools/annotate.html,-,"!!document.querySelector('#annotateImport .dz-empty') && !!document.querySelector('#annotateImport .dz-gallery .dz-g-list') && !!document.querySelector('#annotateThumbs')",true,js,none,must,fail,导入区为 .dropzone 双态（空态 .dz-empty / 已导入 .dz-gallery + .dz-g-list），缩略图就在导入区内
AN-16,tools/annotate.html,-,"document.querySelectorAll('script[src*=annotate]').length>=2",true,js,none,must,fail,须引入 annotate-core.js 与 annotate.js
AN-17,tools/annotate.html,-,"document.querySelectorAll('[data-i18n]').length>=60",true,js,none,must,fail,i18n 挂钩≥60处（功能文案全覆盖）
AN-18,tools/annotate.html,-,"(function(){var r=document.querySelectorAll('#annotateExportPanel > .row');return r.length>=2 && parseFloat(getComputedStyle(r[1]).marginTop)>0})()",true,js,none,must,fail,同一张卡内相邻块之间须有纵向间距（导出卡的「输出格式」与导出按钮两行不得贴死）
AN-19,tools/annotate.html,-,"!document.querySelector('.annotate-thumb') && !document.querySelector('.annotate-queue') && !document.querySelector('#annotateQueue')",true,js,none,must,fail,缩略图须复用共享组件 .dz-thumb / .dz-g-list，不得自造队列容器或自造缩略图 class
FRM-02,index.html|template.html|support.html|legal/about.html|legal/privacy.html|legal/terms.html|legal/credits.html|legal/contact.html|tools/image-tool.html|tools/stitch.html|tools/annotate.html|404.html|tools/qrcode.html|tools/icon-tool.html,-,"Array.from(document.querySelectorAll('input[type=radio]')).every(function(r){return r.closest('.seg')})",true,js,none,must,fail,所有 radio 必须使用标准 .seg 结构（label.seg > input + span.seg-t），禁止原生 radio 直出
FRM-03,index.html|template.html|support.html|legal/about.html|legal/privacy.html|legal/terms.html|legal/credits.html|legal/contact.html|tools/image-tool.html|tools/stitch.html|tools/annotate.html|404.html|tools/qrcode.html|tools/icon-tool.html,-,"Array.from(document.querySelectorAll('[onclick]')).every(function(el){return /^openDrawer\(/.test(el.getAttribute('onclick').trim())})",true,js,none,must,fail,禁止内联 onclick 事件处理器（白名单：顶栏标准 openDrawer 调用），统一走 addEventListener
AN-20,index.html|template.html|support.html|legal/about.html|legal/privacy.html|legal/terms.html|legal/credits.html|legal/contact.html|tools/image-tool.html|tools/stitch.html|tools/annotate.html|tools/icon-tool.html|404.html,-,"(function(){var flds=document.querySelectorAll('.field');for(var i=0;i<flds.length;i++){var f=flds[i].getBoundingClientRect().width;if(f<10)continue;var c=flds[i].querySelectorAll(':scope > .segment, :scope > .step');for(var j=0;j<c.length;j++){if(c[j].getBoundingClientRect().width/f>0.8)return false}}return true})()",true,js,none,must,fail,字段内 .segment/.step 不得被列方向 flex 拉宽（计算宽度须<字段宽80%），根治 .field 缺 align-items 之默认 stretch
AN-21,index.html|template.html|support.html|legal/about.html|legal/privacy.html|legal/terms.html|legal/credits.html|legal/contact.html|tools/image-tool.html|tools/stitch.html|tools/annotate.html|tools/icon-tool.html|404.html,-,"!Array.from(document.querySelectorAll('[class]')).some(function(el){return /(^|\s)(?!sw-)[a-z]+-thumb(\s|$)/.test(el.className)&&!/(^|\s)dz-thumb(\s|$)/.test(el.className)})",true,js,none,must,fail,缩略图须复用共享 .dz-thumb，禁止自造 .xxx-thumb 类（杜绝导入区双态/队列被重复表达）
JS-01,dev/json.html,-,document.querySelectorAll('[data-set-theme]').length,2,js,none,must,fail,主题两态：light/dark 双切换钮（与 THM-01 同源）
JS-02,dev/json.html,-,"!document.querySelector(""[data-theme='system']"")",true,js,none,must,fail,禁止三态复活：不得出现 data-theme=system
JS-03,dev/json.html,-,"document.querySelector('#jsonInput').tagName",TEXTAREA,js,none,must,fail,输入区必须是 textarea.input（复用设计系统输入组件）
JS-04,dev/json.html,-,"document.querySelector('#jsonOutput').getAttribute('aria-readonly')",true,js,none,must,fail,输出区只读（code-body 只读展示）
JS-05,dev/json.html,-,"document.querySelectorAll('input[name=""jsonMode""]').length",3,js,none,must,fail,模式分段控制：格式化/压缩/校验三档（.segment 组件）
JS-06,dev/json.html,-,"document.querySelectorAll('input[name=""jsonIndent""]').length",3,js,none,must,fail,缩进分段控制：2 空格/4 空格/Tab 三档
JS-07,dev/json.html,-,Array.from(document.querySelectorAll('details.seo-details')).length===3 && Array.from(document.querySelectorAll('details.seo-details')).every(function(el){return !el.open}),true,js,none,must,fail,SEO 三区：三个 details 且默认全部收起
JS-08,dev/json.html,-,(Array.from(document.querySelectorAll('style')).join(String.fromCharCode(10)).match(/\.[a-zA-Z][\w-]*/g)||[]).every(function(c){return c==='.json-panes'||c==='.json-io'}),true,js,none,must,fail,私有样式白名单锁定：style 内自定义类仅限 .json-panes/.json-io
JS-09,dev/json.html,-,"!/#[0-9a-fA-F]{3,8}([^\w]|$)|rgba?\(|hsla?\(/.test(Array.from(document.querySelectorAll('style')).map(function(el){return el.textContent}).join(String.fromCharCode(10)))",true,js,none,must,fail,零硬编码颜色：颜色一律走设计令牌变量
JS-10,dev/json.html,-,"['jsonBtnSample','jsonBtnSwap','jsonBtnClear','jsonBtnDownload','jsonBtnCopy'].every(function(id){var el=document.getElementById(id);return el&&el.className.indexOf('btn-sm')>=0})",true,js,none,must,fail,按钮自然宽度：操作条按钮全部 btn-sm，禁止拉宽
RX-01,dev/regex.html,-,document.querySelectorAll('[data-set-theme]').length,2,js,none,must,fail,主题两态：light/dark 双切换钮（与 THM-01 同源）
RX-02,dev/regex.html,-,"!document.querySelector(""[data-theme='system']"")",true,js,none,must,fail,禁止三态复活：不得出现 data-theme=system
RX-03,dev/regex.html,-,!!document.querySelector('#rxPattern'),true,js,none,must,fail,正则输入框存在（input.input）
RX-04,dev/regex.html,-,document.querySelectorAll('.flag-chip').length,6,js,none,must,fail,flags 多选胶囊：g/i/m/s/u/y 六个
RX-05,dev/regex.html,-,!!document.querySelector('#rxText'),true,js,none,must,fail,测试文本域存在（textarea.input）
RX-06,dev/regex.html,-,!!document.querySelector('#rxResult'),true,js,none,must,fail,匹配结果列表容器存在
RX-07,dev/regex.html,-,!!document.querySelector('#rxCount'),true,js,none,must,fail,计数+耗时显示存在
RX-08,dev/regex.html,-,"(function(){var txt=Array.from(document.querySelectorAll('style')).map(function(e){return e.textContent}).join(' ');var clean='',i=0;while(i<txt.length){var a=txt.indexOf('/*',i);if(a<0){clean+=txt.slice(i);break;}clean+=txt.slice(i,a);var b=txt.indexOf('*/',a+2);if(b<0)break;i=b+2;}var wl=['rx-panes','rx-io','rx-hl','flag-chip'];var re=/\.([a-zA-Z][\w-]*)/g,m,prevEnd=-1,bad=[];while((m=re.exec(clean))){var compound=(m.index===prevEnd);prevEnd=m.index+m[0].length;if(compound)continue;if(wl.indexOf(m[1])<0)bad.push(m[1]);}return bad.length===0;})()",true,js,none,must,fail,私有样式白名单锁定（2.3 节）：剥离 CSS 注释后仅允许 4 个独立类选择器，复合后缀不计
RX-09,dev/regex.html,-,"!/#[0-9a-fA-F]{3,8}([^\w]|$)|rgba?\(|hsla?\(/.test(Array.from(document.querySelectorAll('style')).map(function(el){return el.textContent}).join('\n'))",true,js,none,must,fail,零硬编码颜色：颜色一律走设计令牌变量
RX-10,dev/regex.html,-,"!!document.querySelector('.topbar a[href*=""regex.html""]')",true,js,none,must,fail,顶栏 Developer 入口已挂本页链接（上线时）
NAV-04,index.html|tools/image-tool.html|tools/stitch.html|tools/annotate.html|dev/json.html|dev/regex.html|support.html|games/block-clear.html|games/snake.html|games/sudoku.html|tools/qrcode.html|tools/icon-tool.html,-,"document.querySelectorAll('#drawerNav .drawer-tab.on').length",1,js,none,must,fail,抽屉菜单分类胶囊高亮唯一：当前页所属分类须恰好 1 项 on（宫格式抽屉）
NAV-05,legal/about.html|legal/contact.html|legal/credits.html|legal/privacy.html|legal/terms.html|404.html,-,"document.querySelectorAll('#drawerNav .mnav a.on').length",0,js,none,must,fail,不属于任何抽屉入口的页（legal 系列）不应出现高亮项
NAV-06,index.html|tools/image-tool.html|tools/stitch.html|tools/annotate.html|dev/json.html|dev/regex.html|support.html|games/block-clear.html|games/snake.html|games/sudoku.html|tools/qrcode.html|tools/icon-tool.html,-,"(function(){var tab=document.querySelector('#drawerNav .drawer-tab.on');if(!tab)return 'none';var dt=tab.getAttribute('data-dtab');var p=location.pathname;if(dt==='image'&&(p.indexOf('/tools/')>=0||p.endsWith('/')||p.endsWith('index.html')||p.indexOf('support.html')>=0))return 'ok';if(dt==='dev'&&p.indexOf('/dev/')>=0)return 'ok';if(dt==='games'&&p.indexOf('/games/')>=0)return 'ok';return 'mismatch';})()",ok,js,none,must,fail,高亮分类须确为当前页所属分类（宫格式抽屉防"写死第一项"回归）
RX-11,dev/regex.html,-,"!!(window.MOTEFUL_I18N&&window.MOTEFUL_I18N.zh&&!/Regex/.test(window.MOTEFUL_I18N.zh.rx_title))",true,js,none,must,fail,中文页标题纯中文：zh 包 rx_title 不得含英文 Regex
RX-12,dev/regex.html,-,"!!(window.MOTEFUL_I18N&&window.MOTEFUL_I18N.zh&&!/Regex/.test(window.MOTEFUL_I18N.zh.rx_title_seo))",true,js,none,must,fail,中文页 SEO 标题纯中文：zh 包 rx_title_seo 不得含英文 Regex
RX-13,dev/regex.html,-,"!!(window.MOTEFUL_I18N&&window.MOTEFUL_I18N.en&&/Regex/.test(window.MOTEFUL_I18N.en.rx_title))",true,js,none,must,fail,英文页保留 Regex：en 包 rx_title 必须含 Regex（防误删英文）
RX-14,dev/regex.html,-,"!/Regex/.test(document.querySelector('meta[property=""og:title""]').content)",true,js,none,must,fail,静态 og:title 纯中文（社交抓取不执行 JS，必须静态即为中文）
GAME-01,games/block-clear.html,-,"!!document.querySelector('#board')",true,js,none,must,fail,游戏画布 #board 须存在（核心渲染目标）
GAME-02,games/block-clear.html,-,"!!document.querySelector('.bc-shell')",true,js,none,must,fail,游戏区容器 .bc-shell 须存在（作用域隔离站点 chrome）
GAME-03,games/block-clear.html,-,"!!document.querySelector('link[href*=""blockclear.css""]')",true,js,none,must,fail,须引入游戏专用样式表 blockclear.css（外部功能样式表，不进内联扫描）
GAME-04,games/block-clear.html,-,"!!document.querySelector('script[src*=""blockclear.js""]')",true,js,none,must,fail,须引入游戏逻辑 blockclear.js（平铺于 assets/js）
GAME-05,games/block-clear.html,-,"!!document.querySelector('.topbar a[href*=""block-clear.html""]')",true,js,none,must,fail,顶栏游戏入口已挂本页链接（上线时）
GAME-06,games/block-clear.html,-,"document.body.getAttribute('data-nav')",game,js,none,must,fail,body data-nav 须为 game（驱动导航当前分区高亮）
GAME-07,games/block-clear.html,-,"!!(window.MOTEFUL_I18N&&window.MOTEFUL_I18N.zh&&!/Block Clear/.test(window.MOTEFUL_I18N.zh.bc_title))",true,js,none,must,fail,中文页标题纯中文：zh 包 bc_title 不得含英文 Block Clear
GAME-08,games/block-clear.html,-,"!/Block Clear/.test(document.querySelector('meta[property=""og:title""]').content)",true,js,none,must,fail,静态 og:title 纯中文（社交抓取不执行 JS，必须静态即为中文）
GAME-09,games/block-clear.html,-,"!!document.querySelector('#adSlot') && document.querySelector('#adSlot').hasAttribute('hidden')",true,js,none,must,fail,游戏页广告位预留：默认 hidden（对齐 AN-13），不占位、不产生 CLS
